{"cameraMode":{"drawMode":0,"name":"Shaded","section":"Shading Mode"},"sceneLighting":true,"audioPlay":false,"sceneViewState":{"m_AlwaysRefresh":false,"showFog":true,"showSkybox":true,"showFlares":true,"showImageEffects":true,"showParticleSystems":true,"showVisualEffectGraphs":true,"m_FxEnabled":true},"in2DMode":false,"pivot":{"x":16.998998641967775,"y":-13.875898361206055,"z":2.643190860748291},"rotation":{"x":-0.22733323276042939,"y":-0.37445318698883059,"z":0.09521998465061188,"w":-0.8940367102622986},"size":36.431453704833987,"orthographic":false}