{"cameraMode":{"drawMode":0,"name":"Shaded","section":"Shading Mode"},"sceneLighting":true,"audioPlay":false,"sceneViewState":{"m_AlwaysRefresh":false,"showFog":true,"showSkybox":true,"showFlares":true,"showImageEffects":true,"showParticleSystems":true,"showVisualEffectGraphs":true,"m_FxEnabled":true},"in2DMode":false,"pivot":{"x":-27.325054168701173,"y":-192.0040740966797,"z":117.62842559814453},"rotation":{"x":0.3691610097885132,"y":0.011364711448550225,"z":-0.004185209982097149,"w":0.9296296834945679},"size":52.81346130371094,"orthographic":false}